Last Name,First Name,Position,Team,GP,TOI
Bieksa,Kevin,D,ANA,81,78341
Boll,Jared,F,ANA,51,17655
Cogliano,Andrew,F,ANA,82,65338
Cramarossa,Joseph,F,ANA,49,26412
Despres,Simon,D,ANA,1,568
Eaves,Patrick,F,ANA,20,16062
Etem,Emerson,F,ANA,3,1461
Fowler,Cam,D,ANA,80,91151
Garbutt,Ryan,F,ANA,27,12833
Getzlaf,Ryan,F,ANA,74,72418
Holzer,Korbinian,D,ANA,32,24230
Kase,Ondrej,F,ANA,53,36725
Kerdiles,Nicolas,F,ANA,1,668
Kesler,Ryan,F,ANA,82,77382
Kossila,Kalle,F,ANA,1,414
Larsson,Jacob,D,ANA,4,3192
Lindholm,Hampus,D,ANA,66,71879
Manson,Josh,D,ANA,82,79743
Megna,Jaycob,D,ANA,1,861
Montour,Brandon,D,ANA,27,24642
Noesen,Stefan,F,ANA,12,4710
Perry,Corey,F,ANA,82,72810
Rakell,Rickard,F,ANA,71,64376
Raymond,Mason,F,ANA,4,2099
Ritchie,Nick,F,ANA,77,57115
Sgarbossa,Michael,F,ANA,9,4796
Shaw,Logan,F,ANA,55,27058
Silfverberg,Jakob,F,ANA,79,70563
Sorensen,Nick,F,ANA,5,2953
Stoner,Clayton,D,ANA,14,12838
Theodore,Shea,D,ANA,34,29291
Thompson,Nate,F,ANA,30,15612
Tropp,Corey,F,ANA,1,568
Vatanen,Sami,D,ANA,71,71013
Vermette,Antoine,F,ANA,72,56575
Wagner,Chris,F,ANA,43,20353
Burmistrov,Alex,F,ARI,26,20132
Chychrun,Jakob,D,ARI,68,61237
Connauton,Kevin,D,ARI,24,17404
Crouse,Lawson,F,ARI,72,44849
Dauphin,Laurent,F,ARI,24,13220
Deangelo,Anthony,D,ARI,39,34144
Doan,Shane,F,ARI,74,59903
Domi,Max,F,ARI,59,50646
Duclair,Anthony,F,ARI,58,41911
Dvorak,Christian,F,ARI,78,62446
Ekman-Larsson,Oliver,D,ARI,79,91593
Fischer,Christian,F,ARI,7,5084
Gaudet,Tyler,F,ARI,4,2573
Goligoski,Alex,D,ARI,82,91952
Hanzal,Martin,F,ARI,51,43703
Holland,Peter,F,ARI,40,28593
Jooris,Josh,F,ARI,42,28680
Keller,Clayton,F,ARI,3,1971
Martinook,Jordan,F,ARI,77,60371
McBain,Jamie,D,ARI,3,2658
McGinn,Jamie,F,ARI,72,52663
Michalek,Zbynek,D,ARI,3,2944
Murphy,Connor,D,ARI,77,78840
Perlini,Brendan,F,ARI,57,44653
Pulkkinen,Teemu,F,ARI,4,2176
Richardson,Brad,F,ARI,16,12607
Rieder,Tobias,F,ARI,80,66046
Schenn,Luke,D,ARI,78,73928
Stone,Michael,D,ARI,45,44438
Strome,Dylan,F,ARI,7,4875
Vrbata,Radim,F,ARI,81,67815
White,Ryan,F,ARI,46,28999
Acciari,Noel,F,BOS,29,17648
Backes,David,F,BOS,74,64131
Beleskey,Matt,F,BOS,49,33250
Bergeron,Patrice,F,BOS,79,67864
Blidh,Anton,F,BOS,19,9677
Carlo,Brandon,D,BOS,82,89109
Cehlarik,Peter,F,BOS,11,8267
Chara,Zdeno,D,BOS,75,85984
Czarnik,Austin,F,BOS,49,29802
Forsbacka Karlsson,Jakob,F,BOS,1,505
Grzelcyk,Matt,D,BOS,2,1298
Hayes,Jimmy,F,BOS,58,31011
Heinen,Danton,F,BOS,8,5462
Krejci,David,F,BOS,82,75062
Krug,Torey,D,BOS,81,87260
Kuraly,Sean,F,BOS,8,4347
Liles,John-Michael,D,BOS,36,28773
Marchand,Brad,F,BOS,80,71244
Mcquaid,Adam,D,BOS,77,72978
Miller,Kevan,D,BOS,58,54732
Miller,Colin,D,BOS,61,50951
Moore,Dominic,F,BOS,82,52920
Morrow,Joe,D,BOS,17,14967
Nash,Riley,F,BOS,81,57374
O'Gara,Rob,D,BOS,3,2487
Pastrnak,David,F,BOS,75,69025
Schaller,Tim,F,BOS,59,37885
Spooner,Ryan,F,BOS,78,52607
Stafford,Drew,F,BOS,18,14171
Vatrano,Frank,F,BOS,44,30800
Austin,Brady,D,BUF,5,4645
Bailey,Justin,F,BUF,32,20406
Baptiste,Nicholas,F,BUF,14,7265
Bogosian,Zach,D,BUF,56,61236
Burgdoerfer,Erik,D,BUF,2,1340
Carrier,William,F,BUF,41,21987
Deslauriers,Nicolas,F,BUF,42,18530
Eichel,Jack,F,BUF,61,61110
Ennis,Tyler,F,BUF,51,35133
Falk,Justin,D,BUF,52,40352
Fasching,Hudson,F,BUF,10,5792
Fedun,Taylor,D,BUF,27,19690
Foligno,Marcus,F,BUF,80,67956
Franson,Cody,D,BUF,68,66026
Gionta,Brian,F,BUF,82,65007
Girgensons,Zemgus,F,BUF,75,53715
Gorges,Josh,D,BUF,66,62397
Grant,Derek,F,BUF,40,17045
Guhle,Brendan,D,BUF,3,2938
Kane,Evander,F,BUF,70,67679
Kulikov,Dmitry,D,BUF,47,54763
Larsson,Johan,F,BUF,36,32734
Malone,Sean,F,BUF,1,682
McCabe,Jake,D,BUF,76,82151
Moulson,Matt,F,BUF,81,46061
Nelson,Casey,D,BUF,11,8123
Nylander,Alex,F,BUF,4,2773
Okposo,Kyle,F,BUF,65,60987
O'Reilly,Cal,F,BUF,11,4648
O'Reilly,Ryan,F,BUF,72,70119
Reinhart,Sam,F,BUF,79,67467
Ristolainen,Rasmus,D,BUF,79,96163
Rodrigues,Evan,F,BUF,30,21003
Schneider,Cole,F,BUF,4,1714
Smith,C.J.,F,BUF,2,1347
Aho,Sebastian,F,CAR,82,70606
Bickell,Bryan,F,CAR,11,5999
Brown,Patrick,F,CAR,14,8063
Dahlbeck,Klas,D,CAR,43,34747
Di Giuseppe,Phillip,F,CAR,36,25462
Faulk,Justin,D,CAR,75,88696
Frk,Martin,F,CAR,2,1000
Hainsey,Ron,D,CAR,56,64043
Hanifin,Noah,D,CAR,81,77032
Lindholm,Elias,F,CAR,72,63677
McClement,Jay,F,CAR,65,36725
McGinn,Brock,F,CAR,57,38108
Murphy,Ryan,D,CAR,27,20698
Nakladal,Jakub,D,CAR,3,2596
Nestrasil,Andrej,F,CAR,19,11838
Nordstrom,Joakim,F,CAR,82,54198
Pesce,Brett,D,CAR,82,90634
Poturalski,Andrew,F,CAR,2,1450
Rask,Victor,F,CAR,82,72771
Rattie,Ty,F,CAR,5,4035
Ryan,Derek,F,CAR,67,49562
Skinner,Jeff,F,CAR,79,73268
Slavin,Jaccob,D,CAR,82,95410
Staal,Jordan,F,CAR,75,66773
Stalberg,Viktor,F,CAR,57,34635
Stempniak,Lee,F,CAR,82,68301
Tennyson,Matt,D,CAR,45,34924
Teravainen,Teuvo,F,CAR,81,67984
Tolchinsky,Sergey,F,CAR,2,1370
Wallmark,Lucas,F,CAR,8,5148
Zykov,Valentin,F,CAR,2,618
Anderson,Josh,F,CBJ,78,55004
Atkinson,Cam,F,CBJ,82,68836
Bjorkstrand,Oliver,F,CBJ,26,19330
Calvert,Matt,F,CBJ,65,44903
Carlsson,Gabriel,D,CBJ,2,2011
Dubinsky,Brandon,F,CBJ,80,70802
Foligno,Nick,F,CBJ,79,71806
Gagner,Sam,F,CBJ,81,54809
Hannikainen,Markus,F,CBJ,10,5055
Harrington,Scott,D,CBJ,22,16766
Hartnell,Scott,F,CBJ,78,49835
Jenner,Boone,F,CBJ,82,69247
Johnson,Jack,D,CBJ,82,94259
Jones,Seth,D,CBJ,75,88280
Karlsson,William,F,CBJ,81,56158
Korpikoski,Lauri,F,CBJ,9,4403
Milano,Sonny,F,CBJ,4,2418
Murray,Ryan,D,CBJ,60,57650
Nutivaara,Markus,D,CBJ,66,51542
Prout,Dalton,D,CBJ,15,10425
Quincey,Kyle,D,CBJ,20,17004
Saad,Brandon,F,CBJ,82,73601
Savard,David,D,CBJ,74,85114
Sedlak,Lukas,F,CBJ,62,33901
Tynan,T.J.,F,CBJ,3,1347
Wennberg,Alex,F,CBJ,80,72488
Werenski,Zach,D,CBJ,78,81268
Andersson,Rasmus,D,CGY,1,1000
Backlund,Mikael,F,CGY,81,64700
Bartkowski,Matt,D,CGY,24,21475
Bennett,Sam,F,CGY,81,61366
Bouma,Lance,F,CGY,61,35516
Brodie,T.J.,D,CGY,82,90915
Brouwer,Troy,F,CGY,74,54410
Chiasson,Alex,F,CGY,81,57433
Engelland,Deryk,D,CGY,81,73284
Ferland,Micheal,F,CGY,76,50447
Frolik,Michael,F,CGY,82,68177
Gaudreau,Johnny,F,CGY,72,65932
Giordano,Mark,D,CGY,81,86285
Grossmann,Nicklas,D,CGY,3,2147
Hamilton,Freddie,F,CGY,26,14719
Hamilton,Dougie,D,CGY,81,80356
Hathaway,Garnet,F,CGY,26,14065
Jankowski,Mark,F,CGY,1,618
Jokipakka,Jyrki,D,CGY,38,32250
Kulak,Brett,D,CGY,21,17450
Lazar,Curtis,F,CGY,4,2697
Monahan,Sean,F,CGY,82,69152
Shinkaruk,Hunter,F,CGY,7,4422
Stajan,Matt,F,CGY,81,52527
Stone,Michael,D,CGY,19,19704
Tkachuk,Matthew,F,CGY,76,57537
Versteeg,Kris,F,CGY,69,50337
Vey,Linden,F,CGY,4,2197
Wideman,Dennis,D,CGY,57,58201
Wotherspoon,Tyler,D,CGY,4,2616
Abbott,Spencer,F,CHI,1,514
Anisimov,Artem,F,CHI,64,56244
Campbell,Brian,D,CHI,80,80176
Desjardins,Andrew,F,CHI,46,24138
Forsling,Gustav,D,CHI,38,31466
Hartman,Ryan,F,CHI,76,55433
Hayden,John,F,CHI,12,8225
Hinostroza,Vinnie,F,CHI,49,34277
Hjalmarsson,Niklas,D,CHI,73,81448
Hossa,Marian,F,CHI,73,59512
Jurco,Tomas,F,CHI,13,8678
Kane,Patrick,F,CHI,82,88147
Keith,Duncan,D,CHI,80,96053
Kempny,Michal,D,CHI,50,42529
Kero,Tanner,F,CHI,47,33710
Kruger,Marcus,F,CHI,70,49185
Motte,Tyler,F,CHI,33,20161
Oduya,Johnny,D,CHI,15,14916
Panarin,Artemi,F,CHI,82,80184
Panik,Richard,F,CHI,82,64352
Rasmussen,Dennis,F,CHI,68,40892
Rozsival,Michal,D,CHI,22,18775
Schmaltz,Nick,F,CHI,61,44650
Seabrook,Brent,D,CHI,79,82051
Toews,Jonathan,F,CHI,72,69840
Tootoo,Jordin,F,CHI,50,20177
van Riemsdyk,Trevor,D,CHI,58,59163
Andrighetto,Sven,F,COL,19,17247
Barberio,Mark,D,COL,34,36904
Barrie,Tyson,D,COL,74,87440
Beauchemin,Francois,D,COL,81,84618
Bourque,Gabriel,F,COL,6,3238
Bourque,Rene,F,COL,65,47789
Colborne,Joe,F,COL,62,35077
Comeau,Blake,F,COL,77,57540
Compher,J.T.,F,COL,21,15409
Duchene,Matt,F,COL,77,68540
Gelinas,Eric,D,COL,27,18415
Goloubef,Cody,D,COL,33,30100
Greer,A.J.,F,COL,5,3807
Grigorenko,Mikhail,F,COL,75,50486
Grimaldi,Rocco,F,COL,4,2640
Henley,Samuel,F,COL,1,306
Iginla,Jarome,F,COL,61,45613
Johnson,Erik,D,COL,46,47335
Jost,Tyson,F,COL,6,4669
Landeskog,Gabriel,F,COL,72,63220
Lindholm,Anton,D,COL,12,9775
MacKinnon,Nathan,F,COL,82,75863
Martinsen,Andreas,F,COL,55,28042
McLeod,Cody,F,COL,28,9847
Mitchell,John,F,COL,65,45693
Nieto,Matt,F,COL,43,34729
Rantanen,Mikko,F,COL,75,68656
Siemens,Duncan,D,COL,3,2023
Smith,Ben,F,COL,4,2131
Soderberg,Carl,F,COL,80,56485
Tyutin,Fedor,D,COL,69,67904
Wiercioch,Patrick,D,COL,57,48995
Zadorov,Nikita,D,COL,56,54634
Benn,Jordie,D,DAL,58,51865
Benn,Jamie,F,DAL,77,68415
Cracknell,Adam,F,DAL,69,40740
Dickinson,Jason,F,DAL,10,7025
Dowling,Justin,F,DAL,9,5540
Eakin,Cody,F,DAL,60,50215
Eaves,Patrick,F,DAL,59,46901
Elie,Remi,F,DAL,18,15684
Faksa,Radek,F,DAL,80,65622
Gurianov,Denis,F,DAL,1,786
Hamhuis,Dan,D,DAL,79,74766
Hemsky,Ales,F,DAL,15,11510
Honka,Julius,D,DAL,16,14855
Hudler,Jiri,F,DAL,32,18800
Johns,Stephen,D,DAL,61,58365
Klingberg,John,D,DAL,80,95789
Korpikoski,Lauri,F,DAL,60,40289
Lindell,Esa,D,DAL,73,82353
McKenzie,Curtis,F,DAL,53,31167
McNeill,Mark,F,DAL,1,829
Nemeth,Patrik,D,DAL,40,35321
Oduya,Johnny,D,DAL,37,34428
Oleksiak,Jamie,D,DAL,41,36554
Pateryn,Greg,D,DAL,12,12041
Ritchie,Brett,F,DAL,78,52939
Roussel,Antoine,F,DAL,60,44580
Seguin,Tyler,F,DAL,82,75105
Sharp,Patrick,F,DAL,48,39092
Shore,Devin,F,DAL,82,59745
Smith,Gemel,F,DAL,17,12483
Spezza,Jason,F,DAL,68,53955
Abdelkader,Justin,F,DET,64,50402
Athanasiou,Andreas,F,DET,64,45060
Bertuzzi,Tyler,F,DET,7,3803
Callahan,Mitch,F,DET,4,1635
DeKeyser,Danny,D,DET,82,92084
Ericsson,Jonathan,D,DET,51,52123
Glendening,Luke,F,DET,74,46875
Green,Mike,D,DET,72,87351
Helm,Darren,F,DET,50,38658
Jensen,Nick,D,DET,49,47506
Jurco,Tomas,F,DET,16,9171
Kronwall,Niklas,D,DET,57,54597
Larkin,Dylan,F,DET,80,66908
Lashoff,Brian,D,DET,5,3534
Lorito,Matt,F,DET,2,1623
Mantha,Anthony,F,DET,60,50277
Marchenko,Alexey,D,DET,30,28071
Miller,Drew,F,DET,55,29226
Nielsen,Frans,F,DET,79,60808
Nosek,Tomas,F,DET,11,6513
Nyquist,Gustav,F,DET,76,66521
Ott,Steve,F,DET,42,21195
Ouellet,Xavier,D,DET,66,63209
Renouf,Dan,D,DET,1,815
Russo,Robbie,D,DET,19,16878
Sheahan,Riley,F,DET,80,57497
Smith,Brendan,D,DET,33,30619
Sproul,Ryan,D,DET,27,20989
Street,Ben,F,DET,6,2970
Svechnikov,Evgeny,F,DET,2,1577
Tatar,Tomas,F,DET,82,73103
Vanek,Thomas,F,DET,48,33875
Zetterberg,Henrik,F,DET,82,82131
Beck,Taylor,F,EDM,3,1059
Benning,Matthew,D,EDM,62,57649
Caggiula,Drake,F,EDM,60,39241
Davidson,Brandon,D,EDM,28,23985
Desharnais,David,F,EDM,18,11898
Draisaitl,Leon,F,EDM,82,76524
Eberle,Jordan,F,EDM,82,71401
Fayne,Mark,D,EDM,4,1900
Gryba,Eric,D,EDM,40,35541
Hendricks,Matt,F,EDM,42,23089
Kassian,Zack,F,EDM,79,52652
Khaira,Jujhar,F,EDM,10,5481
Klefbom,Oscar,D,EDM,82,89389
Lander,Anton,F,EDM,22,10293
Larsson,Adam,D,EDM,79,87067
Letestu,Mark,F,EDM,78,46013
Lucic,Milan,F,EDM,82,70958
Maroon,Patrick,F,EDM,81,71922
McDavid,Connor,F,EDM,82,85085
Nugent-Hopkins,Ryan,F,EDM,82,69237
Nurse,Darnell,D,EDM,44,41494
Oesterle,Jordan,D,EDM,2,2038
Pakarinen,Iiro,F,EDM,14,7159
Pitlick,Tyler,F,EDM,31,18037
Pouliot,Benoit,F,EDM,67,47598
Puljujarvi,Jesse,F,EDM,28,17518
Russell,Kris,D,EDM,68,75938
Sekera,Andrej,D,EDM,80,82883
Simpson,Dillon,D,EDM,3,1959
Slepyshev,Anton,F,EDM,41,27051
Barkov,Aleksander,F,FLA,61,55677
Bjugstad,Nick,F,FLA,54,37911
Demers,Jason,D,FLA,81,78905
Ekblad,Aaron,D,FLA,68,72878
Griffith,Seth,F,FLA,21,14851
Harper,Shane,F,FLA,14,8623
Huberdeau,Jonathan,F,FLA,31,28432
Jagr,Jaromir,F,FLA,82,69954
Jokinen,Jussi,F,FLA,69,56246
Kampfer,Steven,D,FLA,1,976
Kindl,Jakub,D,FLA,39,33294
MacKenzie,Derek,F,FLA,82,49993
Malgin,Denis,F,FLA,47,28537
Marchessault,Jonathan,F,FLA,75,63743
Matheson,Michael,D,FLA,81,87231
McCann,Jared,F,FLA,29,18493
McCoshen,Ian,D,FLA,3,2386
McIlrath,Dylan,D,FLA,5,2806
McKegg,Greg,F,FLA,31,17517
Petrovic,Alex,D,FLA,49,49170
Pysyk,Mark,D,FLA,82,76942
Rau,Kyle,F,FLA,24,13519
Sceviour,Colton,F,FLA,80,56589
Sgarbossa,Michael,F,FLA,29,18791
Smith,Reilly,F,FLA,80,68266
Thompson,Paul,F,FLA,21,9933
Thornton,Shawn,F,FLA,50,22600
Trocheck,Vincent,F,FLA,82,79586
Vanek,Thomas,F,FLA,20,13920
Weegar,Mackenzie,D,FLA,3,2795
Yandle,Keith,D,FLA,82,84904
Andreoff,Andy,F,L.A,36,22358
Brodzinski,Jonny,F,L.A,6,4308
Brown,Dustin,F,L.A,80,63350
Carter,Jeff,F,L.A,82,67001
Clifford,Kyle,F,L.A,73,46406
Doughty,Drew,D,L.A,82,104728
Dowd,Nic,F,L.A,70,45493
Forbort,Derek,D,L.A,82,87474
Gaborik,Marian,F,L.A,56,44500
Gilbert,Tom,D,L.A,18,13785
Gravel,Kevin,D,L.A,49,37258
Greene,Matt,D,L.A,26,18664
Iginla,Jarome,F,L.A,19,15990
Kempe,Adrian,F,L.A,25,16203
King,Dwight,F,L.A,63,49733
Kopitar,Anze,F,L.A,76,72307
Ladue,Paul,D,L.A,22,18150
Lewis,Trevor,F,L.A,82,63208
Martinez,Alec,D,L.A,82,84841
McNabb,Brayden,D,L.A,49,42367
Muzzin,Jake,D,L.A,82,87124
Nolan,Jordan,F,L.A,46,29428
Pearson,Tanner,F,L.A,80,61550
Purcell,Teddy,F,L.A,12,8649
Setoguchi,Devin,F,L.A,45,32011
Shore,Nick,F,L.A,70,46994
Toffoli,Tyler,F,L.A,63,50106
Bertschy,Christoph,F,MIN,5,2440
Brodin,Jonas,D,MIN,68,66067
Cannone,Patrick,F,MIN,3,1419
Coyle,Charlie,F,MIN,82,69906
Dalpe,Zac,F,MIN,9,4614
Dumba,Matt,D,MIN,76,79524
Eriksson Ek,Joel,F,MIN,15,9315
Folin,Christian,D,MIN,51,42651
Gabriel,Kurtis,F,MIN,13,4539
Granlund,Mikael,F,MIN,81,73561
Graovac,Tyler,F,MIN,52,30572
Hanzal,Martin,F,MIN,20,15448
Haula,Erik,F,MIN,72,54172
Koivu,Mikko,F,MIN,80,72300
Mitchell,Zack,F,MIN,11,5524
Niederreiter,Nino,F,MIN,82,64276
Olofsson,Gustav,D,MIN,13,9965
Parise,Zach,F,MIN,69,58387
Pominville,Jason,F,MIN,78,57049
Prosser,Nate,D,MIN,39,28383
Pulkkinen,Teemu,F,MIN,9,4701
Reilly,Mike,D,MIN,17,11378
Scandella,Marco,D,MIN,71,69803
Schroeder,Jordan,F,MIN,37,21671
Spurgeon,Jared,D,MIN,76,89494
Staal,Eric,F,MIN,82,73138
Stewart,Chris,F,MIN,79,48446
Suter,Ryan,D,MIN,82,107449
Tuch,Alex,F,MIN,6,3853
White,Ryan,F,MIN,19,11216
Zucker,Jason,F,MIN,79,68368
Andrighetto,Sven,F,MTL,27,18190
Barberio,Mark,D,MTL,26,21145
Beaulieu,Nathan,D,MTL,74,74824
Benn,Jordie,D,MTL,13,11738
Byron,Paul,F,MTL,81,60942
Carr,Daniel,F,MTL,33,19802
Danault,Phillip,F,MTL,82,68115
Davidson,Brandon,D,MTL,10,9780
De la Rose,Jacob,F,MTL,9,4742
Desharnais,David,F,MTL,31,21741
Emelin,Alexei,D,MTL,76,85195
Farnham,Bobby,F,MTL,3,1489
Flynn,Brian,F,MTL,51,32180
Galchenyuk,Alex,F,MTL,61,49834
Gallagher,Brendan,F,MTL,64,49953
Hanley,Joel,D,MTL,7,4266
Hudon,Charles,F,MTL,3,2074
Johnston,Ryan,D,MTL,7,4145
King,Dwight,F,MTL,17,11729
Lehkonen,Artturi,F,MTL,73,54688
Lernout,Brett,D,MTL,2,2265
Markov,Andrei,D,MTL,62,65099
Martinsen,Andreas,F,MTL,9,6399
McCarron,Michael,F,MTL,31,17566
Mitchell,Torrey,F,MTL,78,50034
Nesterov,Nikita,D,MTL,13,11576
Ott,Steve,F,MTL,11,7301
Pacioretty,Max,F,MTL,81,75284
Pateryn,Greg,D,MTL,24,19721
Petry,Jeff,D,MTL,80,89012
Plekanec,Tomas,F,MTL,78,65032
Radulov,Alex,F,MTL,76,70324
Redmond,Zach,D,MTL,16,11728
Scherbak,Nikita,F,MTL,3,1761
Sergachev,Mikhail,D,MTL,4,2827
Shaw,Andrew,F,MTL,68,52980
Terry,Chris,F,MTL,14,7930
Weber,Shea,D,MTL,78,88385
Auvitu,Yohann,D,N.J,25,20264
Bennett,Beau,F,N.J,65,46240
Blandisi,Joseph,F,N.J,27,18901
Boucher,Reid,F,N.J,9,5638
Cammalleri,Mike,F,N.J,61,54100
Coleman,Blake,F,N.J,23,16198
Fiddler,Vernon,F,N.J,39,23516
Gazdic,Luke,F,N.J,11,4676
Greene,Andy,D,N.J,66,69295
Hall,Taylor,F,N.J,72,70361
Helgeson,Seth,D,N.J,9,6723
Henrique,Adam,F,N.J,82,66160
Josefson,Jacob,F,N.J,38,24521
Kalinin,Sergey,F,N.J,43,26744
Kapla,Michael,D,N.J,5,4843
Lappin,Nick,F,N.J,43,28398
Lovejoy,Ben,D,N.J,82,85651
Merrill,Jon,D,N.J,51,51311
Moore,John,D,N.J,63,60341
Noesen,Stefan,F,N.J,32,23243
Palmieri,Kyle,F,N.J,80,66074
Parenteau,PA,F,N.J,59,44362
Pietila,Blake,F,N.J,10,7065
Prout,Dalton,D,N.J,14,12305
Quenneville,John,F,N.J,12,8476
Quincey,Kyle,D,N.J,53,52199
Rooney,Kevin,F,N.J,4,2394
Santini,Steven,D,N.J,38,33440
Severson,Damon,D,N.J,80,85290
Smith-Pelly,Devante,F,N.J,53,35466
Speers,Blake,F,N.J,3,1494
Stollery,Karl,D,N.J,11,9463
Thomson,Ben,F,N.J,3,1958
Wood,Miles,F,N.J,60,41013
Zacha,Pavel,F,N.J,70,49426
Zajac,Travis,F,N.J,80,71210
Aberg,Pontus,F,NSH,15,10863
Arvidsson,Viktor,F,NSH,80,67671
Bass,Cody,F,NSH,9,3325
Bitetto,Anthony,D,NSH,29,19722
Boucher,Reid,F,NSH,3,1561
Carle,Matt,D,NSH,6,4490
Carrier,Alex,D,NSH,2,1246
Ekholm,Mattias,D,NSH,82,97264
Ellis,Ryan,D,NSH,71,81647
Fiala,Kevin,F,NSH,54,40698
Fiddler,Vernon,F,NSH,20,11173
Fisher,Mike,F,NSH,72,54104
Forsberg,Filip,F,NSH,82,71084
Gaudreau,Frederick,F,NSH,9,4585
Granberg,Petter,D,NSH,10,5570
Grant,Derek,F,NSH,6,2666
Hunt,Brad,D,NSH,3,2907
Irwin,Matt,D,NSH,74,66650
Jarnkrok,Calle,F,NSH,81,63824
Johansen,Ryan,F,NSH,82,74402
Josi,Roman,D,NSH,72,85336
Kamenev,Vladislav,F,NSH,2,1098
Liambas,Mike,F,NSH,1,282
McLeod,Cody,F,NSH,31,15149
Neal,James,F,NSH,70,62527
Pardy,Adam,D,NSH,4,2618
Parenteau,PA,F,NSH,8,5735
Ribeiro,Mike,F,NSH,46,36911
Salomaki,Miikka,F,NSH,5,3316
Sissons,Colton,F,NSH,58,35277
Smith,Trevor,F,NSH,1,440
Smith,Craig,F,NSH,78,59451
Subban,P.K.,D,NSH,66,78043
Watson,Austin,F,NSH,77,48850
Weber,Yannick,D,NSH,73,50686
Wilson,Colin,F,NSH,70,54600
Zolnierczyk,Harry,F,NSH,24,12698
Bailey,Josh,F,NYI,82,74274
Barzal,Mathew,F,NYI,2,1108
Beauvillier,Anthony,F,NYI,66,49333
Boychuk,Johnny,D,NYI,66,66593
Chimera,Jason,F,NYI,82,57633
Cizikas,Casey,F,NYI,59,41092
Clutterbuck,Cal,F,NYI,66,45486
de Haan,Calvin,D,NYI,82,85233
Gionta,Stephen,F,NYI,26,15285
Hamonic,Travis,D,NYI,49,51706
Hickey,Thomas,D,NYI,76,68326
Ho-Sang,Joshua,F,NYI,21,17695
Jones,Connor,F,NYI,4,2736
Kearns,Bracken,F,NYI,2,1343
Kulemin,Nikolay,F,NYI,72,50986
Ladd,Andrew,F,NYI,78,62017
Leddy,Nick,D,NYI,81,91300
Lee,Anders,F,NYI,81,63695
Mayfield,Scott,D,NYI,25,21160
Nelson,Brock,F,NYI,81,64018
Pelech,Adam,D,NYI,44,41773
Prince,Shane,F,NYI,50,35167
Pulock,Ryan,D,NYI,1,175
Quine,Alan,F,NYI,61,40447
Seidenberg,Dennis,D,NYI,73,76040
Strome,Ryan,F,NYI,69,49344
Tavares,John,F,NYI,77,75161
Beck,Taylor,F,NYR,2,1497
Buchnevich,Pavel,F,NYR,41,27987
Clendening,Adam,D,NYR,31,26556
Fast,Jesper,F,NYR,68,49455
Girardi,Dan,D,NYR,63,63545
Glass,Tanner,F,NYR,11,7004
Grabner,Michael,F,NYR,76,56205
Hayes,Kevin,F,NYR,76,62336
Holden,Nick,D,NYR,80,87842
Hrivik,Marek,F,NYR,16,9652
Jensen,Nicklas,F,NYR,7,3449
Jooris,Josh,F,NYR,12,5971
Kampfer,Steven,D,NYR,10,7663
Klein,Kevin,D,NYR,60,58713
Kreider,Chris,F,NYR,75,64720
Lindberg,Oscar,F,NYR,65,41338
McDonagh,Ryan,D,NYR,77,87309
McIlrath,Dylan,D,NYR,1,554
Miller,J.T.,F,NYR,82,67192
Nash,Rick,F,NYR,67,53250
Nieves,Cristoval,F,NYR,1,699
Pirri,Brandon,F,NYR,60,34950
Puempel,Matt,F,NYR,27,15130
Skjei,Brady,D,NYR,80,75758
Smith,Brendan,D,NYR,18,19810
Staal,Marc,D,NYR,72,74166
Stepan,Derek,F,NYR,81,71413
Vesey,Jimmy,F,NYR,80,57966
Zibanejad,Mika,F,NYR,56,46941
Zuccarello,Mats,F,NYR,80,75110
Bailey,Casey,F,OTT,7,3358
Blunden,Mike,F,OTT,2,974
Borowiecki,Mark,D,OTT,70,55777
Brassard,Derick,F,OTT,81,71733
Burrows,Alex,F,OTT,20,14350
Ceci,Cody,D,OTT,79,91217
Chabot,Thomas,D,OTT,1,429
Claesson,Fredrik,D,OTT,33,24709
Didomenico,Chris,F,OTT,3,1830
Dzingel,Ryan,F,OTT,81,62551
Englund,Andreas,D,OTT,5,3130
Harpur,Ben,D,OTT,6,6153
Hoffman,Mike,F,OTT,74,63921
Jokipakka,Jyrki,D,OTT,3,2586
Karlsson,Erik,D,OTT,77,97033
Kelly,Chris,F,OTT,82,48224
Lazar,Curtis,F,OTT,33,16690
MacArthur,Clarke,F,OTT,4,2704
McCormick,Max,F,OTT,7,2834
Methot,Marc,D,OTT,68,72197
Neil,Chris,F,OTT,53,23928
Pageau,Jean-Gabriel,F,OTT,82,66933
Paul,Nick,F,OTT,1,943
Phaneuf,Dion,D,OTT,81,87604
Puempel,Matt,F,OTT,13,6375
Pyatt,Tom,F,OTT,82,65809
Robinson,Buddy,F,OTT,4,1667
Ryan,Bobby,F,OTT,62,48792
Smith,Zack,F,OTT,74,57842
Stalberg,Viktor,F,OTT,18,12559
Stone,Mark,F,OTT,71,65737
Turris,Kyle,F,OTT,78,74237
Varone,Phil,F,OTT,7,3052
White,Colin,F,OTT,2,1444
Wideman,Chris,D,OTT,76,56432
Wingels,Tommy,F,OTT,36,21942
Bellemare,Pierre-Edouard,F,PHI,82,49950
Cousins,Nick,F,PHI,60,38871
Couturier,Sean,F,PHI,66,58559
Del Zotto,Michael,D,PHI,51,52840
Filppula,Valtteri,F,PHI,20,17235
Giroux,Claude,F,PHI,82,74404
Gordon,Boyd,F,PHI,13,5187
Gostisbehere,Shayne,D,PHI,76,71564
Gudas,Radko,D,PHI,67,69615
Hagg,Robert,D,PHI,1,1185
Konecny,Travis,F,PHI,70,52019
Laughton,Scott,F,PHI,2,1229
Leier,Taylor,F,PHI,10,5232
Lyubimov,Roman,F,PHI,47,25458
MacDonald,Andrew,D,PHI,73,75108
Manning,Brandon,D,PHI,65,63420
McDonald,Colin,F,PHI,3,1608
Morin,Samuel,D,PHI,1,878
Provorov,Ivan,D,PHI,82,85849
Raffl,Michael,F,PHI,52,40963
Read,Matt,F,PHI,63,46295
Schenn,Brayden,F,PHI,79,66576
Schultz,Nick,D,PHI,28,22483
Simmonds,Wayne,F,PHI,82,67624
Streit,Mark,D,PHI,49,47757
VandeVelde,Chris,F,PHI,81,43757
Vecchione,Mike,F,PHI,2,1004
Voracek,Jakub,F,PHI,82,76118
Weal,Jordan,F,PHI,23,17563
Weise,Dale,F,PHI,64,45701
Archibald,Josh,F,PIT,10,6203
Bonino,Nick,F,PIT,80,60622
Cole,Ian,D,PIT,81,84143
Corrado,Frank,D,PIT,2,807
Crosby,Sidney,F,PIT,75,72734
Cullen,Matt,F,PIT,72,48443
Daley,Trevor,D,PIT,56,54986
Dea,Jean-Sebastien,F,PIT,1,678
Dumoulin,Brian,D,PIT,70,76432
Fehr,Eric,F,PIT,52,27694
Gaunce,Cameron,D,PIT,12,8270
Guentzel,Jake,F,PIT,40,34818
Hagelin,Carl,F,PIT,61,48049
Hainsey,Ron,D,PIT,16,17286
Hornqvist,Patric,F,PIT,70,54287
Kessel,Phil,F,PIT,82,70731
Kuhnhackl,Tom,F,PIT,57,30200
Kunitz,Chris,F,PIT,71,56267
Letang,Kris,D,PIT,41,48463
Maatta,Olli,D,PIT,55,51556
Malkin,Evgeni,F,PIT,62,55461
Oleksy,Steve,D,PIT,11,8281
Porter,Kevin,F,PIT,2,1179
Pouliot,Derrick,D,PIT,11,8446
Rowney,Carter,F,PIT,27,16066
Ruhwedel,Chad,D,PIT,34,31131
Rust,Bryan,F,PIT,57,43428
Schultz,Justin,D,PIT,78,82431
Sestito,Tom,F,PIT,13,4290
Sheary,Conor,F,PIT,61,51758
Simon,Dominik,F,PIT,2,1508
Streit,Mark,D,PIT,19,17124
Sundqvist,Oskar,F,PIT,10,5202
Warsofsky,David,D,PIT,7,5881
Wilson,Scott,F,PIT,78,49389
Boedker,Mikkel,F,S.J,81,58174
Braun,Justin,D,S.J,81,86594
Burns,Brent,D,S.J,82,96119
Carpenter,Ryan,F,S.J,11,6278
Couture,Logan,F,S.J,73,59087
Demelo,Dylan,D,S.J,25,21349
Dillon,Brenden,D,S.J,81,75660
Donskoi,Joonas,F,S.J,61,45357
Goldobin,Nikolay,F,S.J,2,1179
Goodrow,Barclay,F,S.J,3,1957
Haley,Micheal,F,S.J,58,31770
Hansen,Jannik,F,S.J,15,12007
Heed,Tim,D,S.J,1,938
Hertl,Tomas,F,S.J,49,41589
Karlsson,Melker,F,S.J,67,44664
Labanc,Kevin,F,S.J,55,40749
Marleau,Patrick,F,S.J,82,69066
Martin,Paul,D,S.J,81,83518
Meier,Timo,F,S.J,34,24240
Mueller,Mirco,D,S.J,4,2246
Nieto,Matt,F,S.J,16,10226
O'Regan,Daniel,F,S.J,3,1973
Pavelski,Joe,F,S.J,81,75220
Schlemko,David,D,S.J,62,54983
Sorensen,Marcus,F,S.J,19,11481
Thornton,Joe,F,S.J,79,69643
Tierney,Chris,F,S.J,80,60193
Vlasic,Marc-Edouard,D,S.J,75,77541
Ward,Joel,F,S.J,78,62416
Wingels,Tommy,F,S.J,37,20662
Agostino,Kenny,F,STL,7,4830
Barbashev,Ivan,F,STL,30,19572
Berglund,Patrik,F,STL,82,65540
Bortuzzo,Robert,D,STL,38,30040
Bouwmeester,Jay,D,STL,81,93671
Brodziak,Kyle,F,STL,69,37909
Butler,Chris,D,STL,1,1176
Edmundson,Joel,D,STL,69,65608
Fabbri,Robby,F,STL,51,40691
Gunnarsson,Carl,D,STL,56,42938
Hunt,Brad,D,STL,9,6914
Jaskin,Dmitrij,F,STL,51,34148
Lehtera,Jori,F,STL,64,51377
Lindbohm,Petteri,D,STL,7,5378
Megan,Wade,F,STL,3,1497
Paajarvi,Magnus,F,STL,32,21537
Parayko,Colton,D,STL,81,84248
Perron,David,F,STL,82,69063
Pietrangelo,Alex,D,STL,80,95065
Rattie,Ty,F,STL,4,1705
Reaves,Ryan,F,STL,80,42531
Sanford,Zach,F,STL,13,8320
Schmaltz,Jordan,D,STL,9,7036
Schwartz,Jaden,F,STL,78,71050
Shattenkirk,Kevin,D,STL,61,59910
Sobotka,Vladimir,F,STL,1,631
Stastny,Paul,F,STL,66,59116
Steen,Alex,F,STL,76,66260
Tarasenko,Vladimir,F,STL,82,75289
Upshall,Scottie,F,STL,73,40099
Yakupov,Nail,F,STL,40,24868
Bournival,Michael,F,T.B,19,11432
Boyle,Brian,F,T.B,54,35692
Brown,J.T.,F,T.B,64,35436
Callahan,Ryan,F,T.B,18,12881
Coburn,Braydon,D,T.B,80,70184
Conacher,Cory,F,T.B,11,6412
Condra,Erik,F,T.B,13,7319
Dotchin,Jake,D,T.B,35,36445
Drouin,Jonathan,F,T.B,73,64023
Dumont,Gabriel,F,T.B,39,21697
Erne,Adam,F,T.B,26,16821
Filppula,Valtteri,F,T.B,59,48036
Froese,Byron,F,T.B,4,2635
Garrison,Jason,D,T.B,70,68111
Gourde,Yanni,F,T.B,20,15765
Hedman,Victor,D,T.B,79,92150
Johnson,Tyler,F,T.B,66,55074
Killorn,Alex,F,T.B,81,68704
Koekkoek,Slater,D,T.B,29,21754
Kucherov,Nikita,F,T.B,74,71299
McKegg,Greg,F,T.B,15,8092
Namestnikov,Vladislav,F,T.B,74,55039
Nesterov,Nikita,D,T.B,35,31891
Palat,Ondrej,F,T.B,75,65852
Paquette,Cedric,F,T.B,58,34752
Peca,Matthew,F,T.B,10,6310
Point,Brayden,F,T.B,68,58501
Richard,Tanner,F,T.B,3,1984
Stamkos,Steven,F,T.B,17,13977
Stralman,Anton,D,T.B,73,81443
Sustr,Andrej,D,T.B,80,73984
Vermin,Joel,F,T.B,18,10782
Witkowski,Luke,D,T.B,34,19882
Boyle,Brian,F,TOR,21,12823
Bozak,Tyler,F,TOR,78,65407
Brown,Connor,F,TOR,82,63854
Carrick,Connor,D,TOR,67,62311
Corrado,Frank,D,TOR,2,1633
Fehr,Eric,F,TOR,1,551
Froese,Byron,F,TOR,2,872
Gardiner,Jake,D,TOR,82,91891
Gauthier,Frederik,F,TOR,21,10783
Griffith,Seth,F,TOR,3,1558
Holland,Peter,F,TOR,8,4429
Hunwick,Matt,D,TOR,72,65926
Hyman,Zach,F,TOR,82,67597
Kadri,Nazem,F,TOR,82,70650
Kapanen,Kasperi,F,TOR,8,4437
Komarov,Leo,F,TOR,82,63301
Leivo,Josh,F,TOR,13,8312
Marchenko,Alexey,D,TOR,11,9106
Marincin,Martin,D,TOR,25,22757
Marner,Mitchell,F,TOR,77,66055
Martin,Matt,F,TOR,82,42059
Matthews,Auston,F,TOR,82,74569
Michalek,Milan,F,TOR,5,3557
Nylander,William,F,TOR,81,66337
Polak,Roman,D,TOR,75,67528
Rielly,Morgan,D,TOR,76,85860
Smith,Ben,F,TOR,36,20123
Soshnikov,Nikita,F,TOR,56,30556
van Riemsdyk,James,F,TOR,82,66110
Zaitsev,Nikita,D,TOR,82,90018
Baertschi,Sven,F,VAN,68,55908
Biega,Alex,D,VAN,36,26580
Boeser,Brock,F,VAN,9,7801
Boucher,Reid,F,VAN,27,17010
Burrows,Alex,F,VAN,55,43078
Chaput,Michael,F,VAN,68,42645
Cramarossa,Joseph,F,VAN,10,6176
Dorsett,Derek,F,VAN,14,8030
Edler,Alex,D,VAN,68,80296
Eriksson,Loui,F,VAN,65,57643
Gaunce,Brendan,F,VAN,57,30592
Goldobin,Nikolay,F,VAN,12,7938
Granlund,Markus,F,VAN,69,58621
Grenier,Alex,F,VAN,3,1167
Gudbranson,Erik,D,VAN,30,31427
Hansen,Jannik,F,VAN,28,25061
Horvat,Bo,F,VAN,81,69353
Hutton,Ben,D,VAN,71,76254
Labate,Joseph,F,VAN,13,5264
Larsen,Philip,D,VAN,26,22109
McEneny,Evan,D,VAN,1,908
Megna,Jayson,F,VAN,58,39895
Molino,Griffen,F,VAN,5,3176
Rendulic,Borna,F,VAN,1,291
Rodin,Anton,F,VAN,3,1516
Sbisa,Luca,D,VAN,82,82236
Sedin,Daniel,F,VAN,82,75539
Sedin,Henrik,F,VAN,82,78219
Shore,Drew,F,VAN,14,9301
Skille,Jack,F,VAN,55,28817
Stecher,Troy,D,VAN,71,73282
Sutter,Brandon,F,VAN,81,69651
Tanev,Chris,D,VAN,53,54065
Tryamkin,Nikita,D,VAN,66,60376
Virtanen,Jake,F,VAN,10,5994
Zalewski,Michael,F,VAN,1,483
Armia,Joel,F,WPG,57,42466
Burmistrov,Alex,F,WPG,23,13136
Byfuglien,Dustin,D,WPG,80,104625
Chiarot,Ben,D,WPG,59,47151
Connor,Kyle,F,WPG,20,12986
Copp,Andrew,F,WPG,64,41269
Dano,Marko,F,WPG,38,21186
Ehlers,Nikolaj,F,WPG,82,73109
Enstrom,Tobias,D,WPG,60,62806
Howden,Quinton,F,WPG,5,2540
Laine,Patrik,F,WPG,73,66414
Little,Bryan,F,WPG,59,50152
Lowry,Adam,F,WPG,82,59419
Matthias,Shawn,F,WPG,45,32392
Melchiori,Julian,D,WPG,18,18958
Morrissey,Josh,D,WPG,82,88549
Myers,Tyler,D,WPG,11,11591
Nogier,Nelson,D,WPG,10,7016
Perreault,Mathieu,F,WPG,65,53116
Petan,Nic,F,WPG,54,28184
Postma,Paul,D,WPG,65,42086
Roslovic,Jack,F,WPG,1,504
Scheifele,Mark,F,WPG,79,79438
Stafford,Drew,F,WPG,40,27859
Strait,Brian,D,WPG,5,4630
Stuart,Mark,D,WPG,42,25657
Tanev,Brandon,F,WPG,51,27515
Thorburn,Chris,F,WPG,64,24286
Trouba,Jacob,D,WPG,60,73060
Wheeler,Blake,F,WPG,82,77739
Alzner,Karl,D,WSH,82,82113
Backstrom,Nicklas,F,WSH,82,71362
Barber,Riley,F,WSH,3,1544
Beagle,Jay,F,WSH,81,52372
Burakovsky,Andre,F,WSH,64,45315
Carey,Paul,F,WSH,6,3567
Carlson,John,D,WSH,72,73818
Chorney,Taylor,D,WSH,18,14635
Connolly,Brett,F,WSH,66,40487
Eller,Lars,F,WSH,81,56154
Johansson,Marcus,F,WSH,82,69571
Kuznetsov,Evgeny,F,WSH,82,73427
Mitchell,Garrett,F,WSH,1,528
Ness,Aaron,D,WSH,2,1540
Niskanen,Matt,D,WSH,78,83270
O'Brien,Liam,F,WSH,1,368
Orlov,Dmitry,D,WSH,82,89314
Orpik,Brooks,D,WSH,79,72849
Oshie,T.J.,F,WSH,68,56971
Ovechkin,Alex,F,WSH,82,71906
Sanford,Zach,F,WSH,26,15237
Schmidt,Nate,D,WSH,60,52590
Shattenkirk,Kevin,D,WSH,19,18946
Stephenson,Chandler,F,WSH,4,2068
Vrana,Jakub,F,WSH,21,11721
Williams,Justin,F,WSH,80,62501
Wilson,Tom,F,WSH,82,53189
Winnik,Daniel,F,WSH,72,44683
Dell,Aaron,G,S.J,20,57079.2
Montoya,Al,G,MTL,19,55240.2
Nedeljkovic,Alex,G,CAR,1,1228.8
Stalock,Alex,G,MIN,2,6039
Nilsson,Anders,G,BUF,26,72895.2
Vasilevskiy,Andrei,G,T.B,50,135013.8
Hammond,Andrew,G,OTT,6,9009
Stolarz,Anthony,G,PHI,7,17455.2
Bibeau,Antoine,G,TOR,2,5019
Forsberg,Anton,G,CBJ,1,2868
Khudobin,Anton,G,BOS,16,41040
Niemi,Antti,G,DAL,37,82599
Raanta,Antti,G,NYR,30,77349
Bishop,Ben,G,T.B,32,85089
Bishop,Ben,G,L.A,7,19234.8
Holtby,Braden,G,WSH,63,175246.8
Elliott,Brian,G,CGY,49,133420.8
Pickard,Calvin,G,COL,50,134772
Talbot,Cam,G,EDM,73,204016.8
Ward,Cam,G,CAR,61,177064.8
Price,Carey,G,MTL,62,179467.8
Hutton,Carter,G,STL,30,68943
Johnson,Chad,G,CGY,36,94000.8
Lindgren,Charlie,G,MTL,2,6685.2
Driedger,Chris,G,OTT,1,1933.2
Hellebuyck,Connor,G,WPG,56,141841.2
Crawford,Corey,G,CHI,55,158191.2
Schneider,Cory,G,N.J,60,166870.2
Anderson,Craig,G,OTT,40,116211
Mcelhinney,Curtis,G,CBJ,7,17563.2
Mcelhinney,Curtis,G,TOR,14,37293
Kuemper,Darcy,G,MIN,18,52603.2
Rittich,David,G,CGY,1,1119
Dubnyk,Devan,G,MIN,65,183603
Lack,Eddie,G,CAR,20,53961
Comrie,Eric,G,WPG,1,3175.8
Andersen,Frederik,G,TOR,66,182758.8
Lundqvist,Henrik,G,NYR,57,155070
Campbell,Jack,G,L.A,1,960
Markstrom,Jacob,G,VAN,26,67183.8
Allen,Jake,G,STL,61,164830.2
Reimer,James,G,FLA,43,107506.2
Coreau,Jared,G,DET,14,34077
Halak,Jaroslav,G,NYI,28,75823.8
Berube,Jean-francois,G,NYI,14,26895
Zatkoff,Jeff,G,L.A,13,27607.2
Smith,Jeremy,G,COL,10,27399
Enroth,Jhonas,G,TOR,6,12967.8
Howard,Jimmy,G,DET,26,66868.2
Gibson,John,G,ANA,52,137863.8
Gillies,Jon,G,CGY,1,3034.8
Gustavsson,Jonas,G,EDM,7,16630.8
Bernier,Jonathan,G,ANA,39,93847.2
Quick,Jonathan,G,L.A,17,45274.8
Korpisalo,Joonas,G,CBJ,14,39181.8
Peters,Justin,G,ARI,3,7090.2
Saros,Juuse,G,NSH,21,57826.2
Lehtonen,Kari,G,DAL,59,156028.8
Kinkaid,Keith,G,N.J,26,69016.8
Gudlevskis,Kristers,G,T.B,1,687
Brossoit,Laurent,G,EDM,8,16020
Ullmark,Linus,G,BUF,1,3043.2
Domingue,Louis,G,ARI,31,76938
Hellberg,Magnus,G,NYR,2,4423.2
Subban,Malcolm,G,BOS,1,1591.2
Fleury,Marc-andre,G,PIT,38,99799.8
Mazanec,Marek,G,NSH,4,9247.2
Jones,Martin,G,S.J,65,180565.8
Murray,Matthew,G,PIT,49,132921
Hutchinson,Michael,G,WPG,28,65443.2
Leighton,Michael,G,CAR,4,10273.2
Neuvirth,Michal,G,PHI,28,65652
Condon,Mike,G,PIT,1,951
Condon,Mike,G,OTT,40,108081
Smith,Mike,G,ARI,55,151525.8
Pavelec,Ondrej,G,WPG,8,22204.8
Rinne,Pekka,G,NSH,61,169039.2
Budaj,Peter,G,L.A,53,145408.8
Budaj,Peter,G,T.B,7,13603.8
Mrazek,Petr,G,DET,50,137551.8
Copley,Pheonix,G,STL,1,2754
Grubauer,Philipp,G,WSH,24,59212.8
Berra,Reto,G,FLA,7,15184.2
Bachman,Richard,G,VAN,5,14964
Luongo,Roberto,G,FLA,40,108415.2
Lehner,Robin,G,BUF,59,165895.2
Miller,Ryan,G,VAN,54,160648.2
Darling,Scott,G,CHI,32,85006.8
Varlamov,Semyon,G,COL,24,63145.8
Bobrovsky,Sergei,G,CBJ,63,179956.2
Martin,Spencer,G,COL,3,5845.8
Mason,Steve,G,PHI,58,151518
Greiss,Thomas,G,NYI,51,139408.2
Jarry,Tristan,G,PIT,1,3510
Rask,Tuukka,G,BOS,65,173182.2
Mcintyre,Zane,G,BOS,8,16324.8
